"Location","Inspection Type","Date","Critical Violations","Non-Critical Violations","Inspectors' Notes"
"Azariah's Cafe","Standard/Process Review Inspection","Apr. 2025",0,0,"<a href='https://healthspace.com/Clients/Ohio/LorainCounty/Web.nsf/Food-InspectionDetails?OpenView&RestrictToCategory=D9DBB98E355642BE85258C67005ED899'>Click Here</a>"
"Clarity Dining Hall","Standard/Critical Control Point Inspection","Apr. 2025",0,0,"<a href='https://healthspace.com/Clients/Ohio/LorainCounty/Web.nsf/Food-InspectionDetails?OpenView&RestrictToCategory=DD2E0BB61F24A4DF85258C67005F2F5E'>Click Here</a>"
"Heritage Dining Hall","Standard/Critical Control Point Inspection","Apr. 2025",0,0,"<a href='https://healthspace.com/Clients/Ohio/LorainCounty/Web.nsf/Food-InspectionDetails?OpenView&RestrictToCategory=EDFA87B751F9430E85258C67005D0B2A'>Click Here</a>"
"Lord Saunders","Standard/Critical Control Point Inspection","Apr. 2025",0,0,"<a href='https://healthspace.com/Clients/Ohio/LorainCounty/Web.nsf/Food-InspectionDetails?OpenView&RestrictToCategory=BFD8C6D9B21AC5B685258C6700608026'>Click Here</a>"
"Stevenson Dining Hall","Standard/Critical Control Point Inspection","Apr. 2025",2,0,"<a href='https://healthspace.com/Clients/Ohio/LorainCounty/Web.nsf/Food-InspectionDetails?OpenView&RestrictToCategory=7F9A5E94A050D1B785258C67005A1831'>Click Here</a>"
"Wilder Hall","Standard/Critical Control Point Inspection","Apr. 2025",1,1,"<a href='https://healthspace.com/Clients/Ohio/LorainCounty/Web.nsf/Food-InspectionDetails?OpenView&RestrictToCategory=8B1660DCFBA9192785258C67005BDF0C'>Click Here</a>"
"Stevenson Dining Hall","Complaint Inspection","Feb. 2025",0,0,"<a href='https://healthspace.com/Clients/Ohio/LorainCounty/Web.nsf/Food-InspectionDetails?OpenView&RestrictToCategory=A360B649C0F5149185258C2900590072'>Click Here</a>"
"The Feve","Standard/Critical Control Point Inspection","Feb. 2025",0,0,"<a href='https://healthspace.com/Clients/Ohio/LorainCounty/Web.nsf/Food-InspectionDetails?OpenView&RestrictToCategory=2A3E991C47D6023485258C290066E72A'>Click Here</a>"
"Wilder Hall","Complaint Inspection","Feb. 2025",0,0,"<a href='https://healthspace.com/Clients/Ohio/LorainCounty/Web.nsf/Food-InspectionDetails?OpenView&RestrictToCategory=746122F56C60768185258C290059C45F'>Click Here</a>"
"Lorenzo's Pizzera","Standard/Process Review Inspection","Jan. 2025",0,0,"<a href='https://healthspace.com/Clients/Ohio/LorainCounty/Web.nsf/Food-InspectionDetails?OpenView&RestrictToCategory=35C932D381A8712985258C1F006B1358'>Click Here</a>"
"Aladdin's Eatery","Standard/Critical Control Point Inspection","Jan. 2025",0,0,"<a href='https://healthspace.com/Clients/Ohio/LorainCounty/Web.nsf/Food-InspectionDetails?OpenView&RestrictToCategory=9EC9EF5FDF43613385258C1C005BF064'>Click Here</a>"
"Thi Ni Thai","Standard/Critical Control Point Inspection","Dec. 2024",0,0,"<a href='https://healthspace.com/Clients/Ohio/LorainCounty/Web.nsf/Food-InspectionDetails?OpenView&RestrictToCategory=DC3DB7A361E5E04485258BEF006580AA'>Click Here</a>"
"Thi Ni Thai","Complaint Inspection","Nov. 2024",0,0,"<a href='https://healthspace.com/Clients/Ohio/LorainCounty/Web.nsf/Food-InspectionDetails?OpenView&RestrictToCategory=86E786E944E2AEF985258BD50059F424'>Click Here</a>"
"Stevenson Dining Hall","Standard/Critical Control Point Inspection","Oct. 2024",1,1,"<a href='https://healthspace.com/Clients/Ohio/LorainCounty/Web.nsf/Food-InspectionDetails?OpenView&RestrictToCategory=6F6EE836BC2B5F3485258BB00050B0A4'>Click Here</a>"
"Azariah's Cafe","Standard/Process Review Inspection","Oct. 2024",0,0,"<a href='https://healthspace.com/Clients/Ohio/LorainCounty/Web.nsf/Food-InspectionDetails?OpenView&RestrictToCategory=B28BCE481206498F85258BAF0058F64B'>Click Here</a>"
"Clarity Dining Hall","Standard/Critical Control Point Inspection","Oct. 2024",0,0,"<a href='https://healthspace.com/Clients/Ohio/LorainCounty/Web.nsf/Food-InspectionDetails?OpenView&RestrictToCategory=A2BD179B013DF98785258BAF0054E364'>Click Here</a>"
"Heritage Dining Hall","Standard/Critical Control Point Inspection","Oct. 2024",1,0,"<a href='https://healthspace.com/Clients/Ohio/LorainCounty/Web.nsf/Food-InspectionDetails?OpenView&RestrictToCategory=A19A87346D75E17585258BAF005589A7'>Click Here</a>"
"Lord Saunders","Standard/Critical Control Point Inspection","Oct. 2024",1,1,"<a href='https://healthspace.com/Clients/Ohio/LorainCounty/Web.nsf/Food-InspectionDetails?OpenView&RestrictToCategory=D935066AE582923985258BAF0057ED0B'>Click Here</a>"
"Wilder Hall","Standard/Critical Control Point Inspection","Oct. 2024",1,1,"<a href='https://healthspace.com/Clients/Ohio/LorainCounty/Web.nsf/Food-InspectionDetails?OpenView&RestrictToCategory=16B729246880CD3485258BAF0059813C'>Click Here</a>"
"The Feve","Standard/Critical Control Point Inspection","Sep. 2024",1,0,"<a href='https://healthspace.com/Clients/Ohio/LorainCounty/Web.nsf/Food-InspectionDetails?OpenView&RestrictToCategory=259599E36CD6C9A285258B8F0064FC4D'>Click Here</a>"
"Lorenzo's Pizzera","Standard/Process Review Inspection","Aug. 2024",0,0,"<a href='https://healthspace.com/Clients/Ohio/LorainCounty/Web.nsf/Food-InspectionDetails?OpenView&RestrictToCategory=7C3DACF8AE53115C85258B7800645780'>Click Here</a>"
"Aladdin's Eatery","Standard/Critical Control Point Inspection","Aug. 2024",0,0,"<a href='https://healthspace.com/Clients/Ohio/LorainCounty/Web.nsf/Food-InspectionDetails?OpenView&RestrictToCategory=71241926FD6EA8BD85258B700055A50F'>Click Here</a>"
"Thi Ni Thai","Standard/Critical Control Point Inspection","Jul. 2024",2,0,"<a href='https://healthspace.com/Clients/Ohio/LorainCounty/Web.nsf/Food-InspectionDetails?OpenView&RestrictToCategory=678A65EA56536F2385258B690068CE8F'>Click Here</a>"
"Stevenson Dining Hall","Standard/Critical Control Point Inspection","Apr. 2024",1,1,"<a href='https://healthspace.com/Clients/Ohio/LorainCounty/Web.nsf/Food-InspectionDetails?OpenView&RestrictToCategory=3E29D34D0120C1EC85258B01004BBAA6'>Click Here</a>"
"Azariah's Cafe","Standard/Process Review Inspection","Apr. 2024",0,0,"<a href='https://healthspace.com/Clients/Ohio/LorainCounty/Web.nsf/Food-InspectionDetails?OpenView&RestrictToCategory=10070460401473C085258B00005A0DC8'>Click Here</a>"
"Clarity Dining Hall","Standard/Critical Control Point Inspection","Apr. 2024",1,0,"<a href='https://healthspace.com/Clients/Ohio/LorainCounty/Web.nsf/Food-InspectionDetails?OpenView&RestrictToCategory=06F03B7DC376EDB385258B00005699BA'>Click Here</a>"
"Heritage Dining Hall","Standard/Critical Control Point Inspection","Apr. 2024",0,0,"<a href='https://healthspace.com/Clients/Ohio/LorainCounty/Web.nsf/Food-InspectionDetails?OpenView&RestrictToCategory=E9CE6AFEFEC9F7C885258B000059A211'>Click Here</a>"
"Lord Saunders","Standard/Critical Control Point Inspection","Apr. 2024",2,0,"<a href='https://healthspace.com/Clients/Ohio/LorainCounty/Web.nsf/Food-InspectionDetails?OpenView&RestrictToCategory=2D33F32C53A2309E85258B00005798DC'>Click Here</a>"
"Wilder Hall","Standard/Critical Control Point Inspection","Apr. 2024",0,0,"<a href='https://healthspace.com/Clients/Ohio/LorainCounty/Web.nsf/Food-InspectionDetails?OpenView&RestrictToCategory=50FF6F647DA8794685258B00005A6CF9'>Click Here</a>"
"Lorenzo's Pizzera","Standard/Process Review Inspection","Jan. 2024",1,0,"<a href='https://healthspace.com/Clients/Ohio/LorainCounty/Web.nsf/Food-InspectionDetails?OpenView&RestrictToCategory=F104DC1ECDBEACBA85258AAF00613AB0'>Click Here</a>"
"Lorenzo's Pizzera","Consultation Inspection","Jan. 2024",0,0,"<a href='https://healthspace.com/Clients/Ohio/LorainCounty/Web.nsf/Food-InspectionDetails?OpenView&RestrictToCategory=AD5D28DAFF14B50585258AA80058E5AB'>Click Here</a>"
"The Feve","Standard/Critical Control Point Inspection","Jan. 2024",1,1,"<a href='https://healthspace.com/Clients/Ohio/LorainCounty/Web.nsf/Food-InspectionDetails?OpenView&RestrictToCategory=2186519152F7113785258AA8006E337D'>Click Here</a>"
"Lorenzo's Pizzera","Follow-up Inspection","Jan. 2024",0,0,"<a href='https://healthspace.com/Clients/Ohio/LorainCounty/Web.nsf/Food-InspectionDetails?OpenView&RestrictToCategory=FD42597D78B2AB6F85258AA2004F5AEE'>Click Here</a>"
"Thi Ni Thai","Standard/Critical Control Point Inspection","Jan. 2024",2,0,"<a href='https://healthspace.com/Clients/Ohio/LorainCounty/Web.nsf/Food-InspectionDetails?OpenView&RestrictToCategory=B3DD54022B61718585258AA100646A1D'>Click Here</a>"
"Lorenzo's Pizzera","Consultation Inspection","Jan. 2024",0,0,"<a href='https://healthspace.com/Clients/Ohio/LorainCounty/Web.nsf/Food-InspectionDetails?OpenView&RestrictToCategory=2307754D3C3113B485258AA0004AF7D3'>Click Here</a>"
"Aladdin's Eatery","Standard/Critical Control Point Inspection","Jan. 2024",0,0,"<a href='https://healthspace.com/Clients/Ohio/LorainCounty/Web.nsf/Food-InspectionDetails?OpenView&RestrictToCategory=5E76A363D4CF19B185258A99005C0376'>Click Here</a>"
"Stevenson Dining Hall","Standard/Critical Control Point Inspection","Oct. 2023",2,1,"<a href='https://healthspace.com/Clients/Ohio/LorainCounty/Web.nsf/Food-InspectionDetails?OpenView&RestrictToCategory=D2A53AA012E67AAA85258A530056A218'>Click Here</a>"
"Azariah's Cafe","Standard/Process Review Inspection","Oct. 2023",0,0,"<a href='https://healthspace.com/Clients/Ohio/LorainCounty/Web.nsf/Food-InspectionDetails?OpenView&RestrictToCategory=F28777860DEF66D185258A52005E5C52'>Click Here</a>"
"Clarity Dining Hall","Standard/Critical Control Point Inspection","Oct. 2023",0,0,"<a href='https://healthspace.com/Clients/Ohio/LorainCounty/Web.nsf/Food-InspectionDetails?OpenView&RestrictToCategory=DA16930C006ED88285258A52005A0621'>Click Here</a>"
"Heritage Dining Hall","Standard/Critical Control Point Inspection","Oct. 2023",1,2,"<a href='https://healthspace.com/Clients/Ohio/LorainCounty/Web.nsf/Food-InspectionDetails?OpenView&RestrictToCategory=DC72BD27A2F5A46185258A52005AADBC'>Click Here</a>"
"Lord Saunders","Standard/Critical Control Point Inspection","Oct. 2023",0,0,"<a href='https://healthspace.com/Clients/Ohio/LorainCounty/Web.nsf/Food-InspectionDetails?OpenView&RestrictToCategory=AF1606156370A4AD85258A52005D7FCD'>Click Here</a>"
"Wilder Hall","Standard/Critical Control Point Inspection","Oct. 2023",3,1,"<a href='https://healthspace.com/Clients/Ohio/LorainCounty/Web.nsf/Food-InspectionDetails?OpenView&RestrictToCategory=DE265CD64E65678085258A52005EDB6E'>Click Here</a>"
"The Feve","Standard/Critical Control Point Inspection","Aug. 2023",0,0,"<a href='https://healthspace.com/Clients/Ohio/LorainCounty/Web.nsf/Food-InspectionDetails?OpenView&RestrictToCategory=B255BB4666225D00852589FF005650B9'>Click Here</a>"
"Lorenzo's Pizzera","Standard/Process Review Inspection","Jul. 2023",1,1,"<a href='https://healthspace.com/Clients/Ohio/LorainCounty/Web.nsf/Food-InspectionDetails?OpenView&RestrictToCategory=57FBDCBF4810F4BA852589E80058B239'>Click Here</a>"
"Thi Ni Thai","Standard/Critical Control Point Inspection","Jul. 2023",0,0,"<a href='https://healthspace.com/Clients/Ohio/LorainCounty/Web.nsf/Food-InspectionDetails?OpenView&RestrictToCategory=3EDB084C57709ABC852589E800669E24'>Click Here</a>"
"Aladdin's Eatery","Standard/Critical Control Point Inspection","Jun. 2023",0,0,"<a href='https://healthspace.com/Clients/Ohio/LorainCounty/Web.nsf/Food-InspectionDetails?OpenView&RestrictToCategory=B8513C3316570AF9852589DD0054F3CE'>Click Here</a>"
"Aladdin's Eatery","Consultation Inspection","Jun. 2023",0,0,"<a href='https://healthspace.com/Clients/Ohio/LorainCounty/Web.nsf/Food-InspectionDetails?OpenView&RestrictToCategory=FD2775B8A88A4ECD852589C8006BE770'>Click Here</a>"
"Thi Ni Thai","Consultation Inspection","Jun. 2023",0,0,"<a href='https://healthspace.com/Clients/Ohio/LorainCounty/Web.nsf/Food-InspectionDetails?OpenView&RestrictToCategory=5A06CD8FAC4BE960852589C8006607DC'>Click Here</a>"
"Azariah's Cafe","Standard/Critical Control Point Inspection","Apr. 2023",0,0,"<a href='https://healthspace.com/Clients/Ohio/LorainCounty/Web.nsf/Food-InspectionDetails?OpenView&RestrictToCategory=D6A2744E9643AA0C852589960065B456'>Click Here</a>"
"Lord Saunders","Standard/Critical Control Point Inspection","Apr. 2023",2,1,"<a href='https://healthspace.com/Clients/Ohio/LorainCounty/Web.nsf/Food-InspectionDetails?OpenView&RestrictToCategory=4D4ADFDF03E461938525899600611078'>Click Here</a>"
"Stevenson Dining Hall","Standard/Critical Control Point Inspection","Apr. 2023",1,2,"<a href='https://healthspace.com/Clients/Ohio/LorainCounty/Web.nsf/Food-InspectionDetails?OpenView&RestrictToCategory=11D16655BD30A740852589960069165B'>Click Here</a>"
"Wilder Hall","Standard/Critical Control Point Inspection","Apr. 2023",0,1,"<a href='https://healthspace.com/Clients/Ohio/LorainCounty/Web.nsf/Food-InspectionDetails?OpenView&RestrictToCategory=55C1BC9A239126B2852589960067218E'>Click Here</a>"
"Clarity Dining Hall","Standard/Critical Control Point Inspection","Mar. 2023",1,0,"<a href='https://healthspace.com/Clients/Ohio/LorainCounty/Web.nsf/Food-InspectionDetails?OpenView&RestrictToCategory=92FD607002E1B49885258973006F0240'>Click Here</a>"
"Clarity Dining Hall","Consultation Inspection","Mar. 2023",0,0,"<a href='https://healthspace.com/Clients/Ohio/LorainCounty/Web.nsf/Food-InspectionDetails?OpenView&RestrictToCategory=A8CC9DEFF29988AF85258973006DB0B4'>Click Here</a>"
"Heritage Dining Hall","Standard/Critical Control Point Inspection","Mar. 2023",0,3,"<a href='https://healthspace.com/Clients/Ohio/LorainCounty/Web.nsf/Food-InspectionDetails?OpenView&RestrictToCategory=81106BDB4DFA8BAE85258973006BBF6A'>Click Here</a>"
"Heritage Dining Hall","Consultation Inspection","Mar. 2023",0,0,"<a href='https://healthspace.com/Clients/Ohio/LorainCounty/Web.nsf/Food-InspectionDetails?OpenView&RestrictToCategory=572A7CD17690E5FE85258973006A0C56'>Click Here</a>"
"The Feve","Standard/Critical Control Point Inspection","Feb. 2023",1,0,"<a href='https://healthspace.com/Clients/Ohio/LorainCounty/Web.nsf/Food-InspectionDetails?OpenView&RestrictToCategory=7894786D38BCF791852589500069AA9B'>Click Here</a>"
"Lorenzo's Pizzera","Standard/Process Review Inspection","Jan. 2023",2,1,"<a href='https://healthspace.com/Clients/Ohio/LorainCounty/Web.nsf/Food-InspectionDetails?OpenView&RestrictToCategory=9E0DCD1B6573BF3585258940007210AB'>Click Here</a>"
"Thi Ni Thai","Standard Inspection","Jan. 2023",2,0,"<a href='https://healthspace.com/Clients/Ohio/LorainCounty/Web.nsf/Food-InspectionDetails?OpenView&RestrictToCategory=BBD64CBE5984B52885258940006D3D4C'>Click Here</a>"
"Aladdin's Eatery","Standard/Critical Control Point Inspection","Jan. 2023",0,0,"<a href='https://healthspace.com/Clients/Ohio/LorainCounty/Web.nsf/Food-InspectionDetails?OpenView&RestrictToCategory=18666FEA0C34B9298525893A00678872'>Click Here</a>"
"Clarity Dining Hall","Standard Inspection","Oct. 2022",1,1,"<a href='https://healthspace.com/Clients/Ohio/LorainCounty/Web.nsf/Food-InspectionDetails?OpenView&RestrictToCategory=3623FAB756B4DA9E852588E7005AA2B4'>Click Here</a>"
"Heritage Dining Hall","Standard Inspection","Oct. 2022",3,1,"<a href='https://healthspace.com/Clients/Ohio/LorainCounty/Web.nsf/Food-InspectionDetails?OpenView&RestrictToCategory=6080822CA7B21481852588E7005BC7AA'>Click Here</a>"
"Lord Saunders","Standard/Critical Control Point Inspection","Oct. 2022",0,2,"<a href='https://healthspace.com/Clients/Ohio/LorainCounty/Web.nsf/Food-InspectionDetails?OpenView&RestrictToCategory=8274F912A1E8D7BD852588E7005E5DC9'>Click Here</a>"
"Stevenson Dining Hall","Standard/Critical Control Point Inspection","Oct. 2022",1,3,"<a href='https://healthspace.com/Clients/Ohio/LorainCounty/Web.nsf/Food-InspectionDetails?OpenView&RestrictToCategory=4A4BFD50E8130D44852588E7005F6A0F'>Click Here</a>"
"Wilder Hall","Standard/Critical Control Point Inspection","Oct. 2022",2,1,"<a href='https://healthspace.com/Clients/Ohio/LorainCounty/Web.nsf/Food-InspectionDetails?OpenView&RestrictToCategory=B969C59E74807E98852588D300518702'>Click Here</a>"
"Lorenzo's Pizzera","Follow-up Inspection","Sep. 2022",0,0,"<a href='https://healthspace.com/Clients/Ohio/LorainCounty/Web.nsf/Food-InspectionDetails?OpenView&RestrictToCategory=D7D5E52121763DCE852588B50064EDD1'>Click Here</a>"
"The Feve","Standard/Critical Control Point Inspection","Aug. 2022",3,2,"<a href='https://healthspace.com/Clients/Ohio/LorainCounty/Web.nsf/Food-InspectionDetails?OpenView&RestrictToCategory=DE01496391EF8D7C852588AF0069A309'>Click Here</a>"
"Thi Ni Thai","Standard Inspection","Aug. 2022",2,0,"<a href='https://healthspace.com/Clients/Ohio/LorainCounty/Web.nsf/Food-InspectionDetails?OpenView&RestrictToCategory=861D31779BA7E3D6852588AF006DE176'>Click Here</a>"
"Lorenzo's Pizzera","Consultation Inspection","Aug. 2022",0,0,"<a href='https://healthspace.com/Clients/Ohio/LorainCounty/Web.nsf/Food-InspectionDetails?OpenView&RestrictToCategory=8D753635B5C0F359852588AE0068BCE8'>Click Here</a>"
"Lorenzo's Pizzera","Standard/Process Review Inspection","Aug. 2022",3,1,"<a href='https://healthspace.com/Clients/Ohio/LorainCounty/Web.nsf/Food-InspectionDetails?OpenView&RestrictToCategory=F25A0715AA55D971852588AE0057DC50'>Click Here</a>"
"Aladdin's Eatery","Standard/Critical Control Point Inspection","Aug. 2022",0,0,"<a href='https://healthspace.com/Clients/Ohio/LorainCounty/Web.nsf/Food-InspectionDetails?OpenView&RestrictToCategory=86E77ADDD604C5BB8525889B006B01FC'>Click Here</a>"
"Thi Ni Thai","Consultation Inspection","Jun. 2022",0,0,"<a href='https://healthspace.com/Clients/Ohio/LorainCounty/Web.nsf/Food-InspectionDetails?OpenView&RestrictToCategory=2096D2F736A51D978525886E006ECF2B'>Click Here</a>"
"Clarity Dining Hall","Standard Inspection","May. 2022",1,0,"<a href='https://healthspace.com/Clients/Ohio/LorainCounty/Web.nsf/Food-InspectionDetails?OpenView&RestrictToCategory=A4F2995EACBE68DE8525883900647484'>Click Here</a>"
"Heritage Dining Hall","Standard Inspection","May. 2022",1,0,"<a href='https://healthspace.com/Clients/Ohio/LorainCounty/Web.nsf/Food-InspectionDetails?OpenView&RestrictToCategory=2B5A5F39023BD8178525883900639B52'>Click Here</a>"
"Lord Saunders","Standard/Critical Control Point Inspection","May. 2022",1,1,"<a href='https://healthspace.com/Clients/Ohio/LorainCounty/Web.nsf/Food-InspectionDetails?OpenView&RestrictToCategory=533551A39F63E54F852588390066256F'>Click Here</a>"
"Azariah's Cafe","Standard Inspection","Apr. 2022",1,0,"<a href='https://healthspace.com/Clients/Ohio/LorainCounty/Web.nsf/Food-InspectionDetails?OpenView&RestrictToCategory=FC49F4F18EC0E8078525883000463AFE'>Click Here</a>"
"Wilder Hall","Standard/Critical Control Point Inspection","Apr. 2022",3,1,"<a href='https://healthspace.com/Clients/Ohio/LorainCounty/Web.nsf/Food-InspectionDetails?OpenView&RestrictToCategory=0CEE91922631899A85258830004CA005'>Click Here</a>"
"Stevenson Dining Hall","Standard/Critical Control Point Inspection","Apr. 2022",2,5,"<a href='https://healthspace.com/Clients/Ohio/LorainCounty/Web.nsf/Food-InspectionDetails?OpenView&RestrictToCategory=0C4BB34688589A5F8525882A0066D7C2'>Click Here</a>"
"Wilder Hall","Consultation Inspection","Mar. 2022",0,0,"<a href='https://healthspace.com/Clients/Ohio/LorainCounty/Web.nsf/Food-InspectionDetails?OpenView&RestrictToCategory=4207F886C04C18C9852587F9006B097C'>Click Here</a>"
"Lorenzo's Pizzera","Follow-up Inspection","Feb. 2022",1,2,"<a href='https://healthspace.com/Clients/Ohio/LorainCounty/Web.nsf/Food-InspectionDetails?OpenView&RestrictToCategory=6F2601A35B9ED5BE852587EB005F9376'>Click Here</a>"
"Thi Ni Thai","Standard Inspection","Feb. 2022",1,4,"<a href='https://healthspace.com/Clients/Ohio/LorainCounty/Web.nsf/Food-InspectionDetails?OpenView&RestrictToCategory=0C4E666321E60332852587E2007824DE'>Click Here</a>"
"Lorenzo's Pizzera","Standard/Critical Control Point Inspection","Jan. 2022",8,4,"<a href='https://healthspace.com/Clients/Ohio/LorainCounty/Web.nsf/Food-InspectionDetails?OpenView&RestrictToCategory=D190E29223D0288A852587DB007130BA'>Click Here</a>"
"Aladdin's Eatery","Standard/Critical Control Point Inspection","Jan. 2022",1,0,"<a href='https://healthspace.com/Clients/Ohio/LorainCounty/Web.nsf/Food-InspectionDetails?OpenView&RestrictToCategory=883245A15DCBC95E852587CF00714CBF'>Click Here</a>"
"The Feve","Standard/Critical Control Point Inspection","Jan. 2022",5,1,"<a href='https://healthspace.com/Clients/Ohio/LorainCounty/Web.nsf/Food-InspectionDetails?OpenView&RestrictToCategory=8A21389E7B868B14852587CF006B9F58'>Click Here</a>"
"Clarity Dining Hall","Standard/Critical Control Point Inspection","Jan. 2022",0,1,"<a href='https://healthspace.com/Clients/Ohio/LorainCounty/Web.nsf/Food-InspectionDetails?OpenView&RestrictToCategory=56E7DE82C80A34EB852587C800711F68'>Click Here</a>"
"Heritage Dining Hall","Standard Inspection","Jan. 2022",1,0,"<a href='https://healthspace.com/Clients/Ohio/LorainCounty/Web.nsf/Food-InspectionDetails?OpenView&RestrictToCategory=277EB5555C37885D852587C80070A7CF'>Click Here</a>"
"Lord Saunders","Standard/Critical Control Point Inspection","Jan. 2022",2,1,"<a href='https://healthspace.com/Clients/Ohio/LorainCounty/Web.nsf/Food-InspectionDetails?OpenView&RestrictToCategory=56EC79C4762BDF9A852587C800719BA0'>Click Here</a>"
"Stevenson Dining Hall","Standard/Critical Control Point Inspection","Jan. 2022",3,3,"<a href='https://healthspace.com/Clients/Ohio/LorainCounty/Web.nsf/Food-InspectionDetails?OpenView&RestrictToCategory=CCEA7984C50C92E1852587C8006C4657'>Click Here</a>"
"Wilder Hall","Standard/Critical Control Point Inspection","Jan. 2022",4,2,"<a href='https://healthspace.com/Clients/Ohio/LorainCounty/Web.nsf/Food-InspectionDetails?OpenView&RestrictToCategory=9A87E4C70CFC85B4852587C8006DD142'>Click Here</a>"
"Thi Ni Thai","Standard Inspection","Dec. 2021",1,1,"<a href='https://healthspace.com/Clients/Ohio/LorainCounty/Web.nsf/Food-InspectionDetails?OpenView&RestrictToCategory=5CD2D52D03343EC3852587AC0078FB14'>Click Here</a>"
"Lorenzo's Pizzera","Follow-up Inspection","Nov. 2021",1,1,"<a href='https://healthspace.com/Clients/Ohio/LorainCounty/Web.nsf/Food-InspectionDetails?OpenView&RestrictToCategory=EECF083A35C1AA5485258787006DE1C2'>Click Here</a>"
"Lorenzo's Pizzera","Standard/Critical Control Point Inspection","Oct. 2021",4,3,"<a href='https://healthspace.com/Clients/Ohio/LorainCounty/Web.nsf/Food-InspectionDetails?OpenView&RestrictToCategory=E5F4F96EB7D2D09385258766006F6CD2'>Click Here</a>"
"The Feve","Follow-up Inspection","Sep. 2021",0,0,"<a href='https://healthspace.com/Clients/Ohio/LorainCounty/Web.nsf/Food-InspectionDetails?OpenView&RestrictToCategory=E68195D8101C88CC8525875F006C3894'>Click Here</a>"
"The Feve","Standard/Critical Control Point Inspection","Sep. 2021",5,3,"<a href='https://healthspace.com/Clients/Ohio/LorainCounty/Web.nsf/Food-InspectionDetails?OpenView&RestrictToCategory=E6C009DC0844C4B48525875100698B3C'>Click Here</a>"
"Aladdin's Eatery","Standard/Critical Control Point Inspection","Sep. 2021",2,0,"<a href='https://healthspace.com/Clients/Ohio/LorainCounty/Web.nsf/Food-InspectionDetails?OpenView&RestrictToCategory=3A3F430B949866D2852587440059AEB1'>Click Here</a>"
"Stevenson Dining Hall","Follow-up Inspection","May. 2021",2,1,"<a href='https://healthspace.com/Clients/Ohio/LorainCounty/Web.nsf/Food-InspectionDetails?OpenView&RestrictToCategory=8CBDCFA5B6A633BE852586E00055EE29'>Click Here</a>"
"Azariah's Cafe","Standard Inspection","May. 2021",1,0,"<a href='https://healthspace.com/Clients/Ohio/LorainCounty/Web.nsf/Food-InspectionDetails?OpenView&RestrictToCategory=74BCC3BEEC5F43E0852586CB0059094A'>Click Here</a>"
"Stevenson Dining Hall","Standard/Critical Control Point Inspection","May. 2021",6,2,"<a href='https://healthspace.com/Clients/Ohio/LorainCounty/Web.nsf/Food-InspectionDetails?OpenView&RestrictToCategory=1F485B81D1C45AAE852586CB0055CFA0'>Click Here</a>"
"Wilder Hall","Standard/Critical Control Point Inspection","May. 2021",1,1,"<a href='https://healthspace.com/Clients/Ohio/LorainCounty/Web.nsf/Food-InspectionDetails?OpenView&RestrictToCategory=8A4870FDCF4C4C4B852586CB0057E7E7'>Click Here</a>"
"Clarity Dining Hall","Standard/Critical Control Point Inspection","Apr. 2021",2,1,"<a href='https://healthspace.com/Clients/Ohio/LorainCounty/Web.nsf/Food-InspectionDetails?OpenView&RestrictToCategory=FF76B38E2A7886C2852586BD0069A88A'>Click Here</a>"
"Heritage Dining Hall","Standard Inspection","Apr. 2021",1,0,"<a href='https://healthspace.com/Clients/Ohio/LorainCounty/Web.nsf/Food-InspectionDetails?OpenView&RestrictToCategory=F5369DCCE470181A852586BD006ADAF8'>Click Here</a>"
"Lord Saunders","Standard/Critical Control Point Inspection","Apr. 2021",2,2,"<a href='https://healthspace.com/Clients/Ohio/LorainCounty/Web.nsf/Food-InspectionDetails?OpenView&RestrictToCategory=8E5EBBF9583E5B7B852586BD0064112B'>Click Here</a>"
"Lorenzo's Pizzera","Consultation Inspection","Mar. 2021",0,0,"<a href='https://healthspace.com/Clients/Ohio/LorainCounty/Web.nsf/Food-InspectionDetails?OpenView&RestrictToCategory=3B5D61FE055F347585258699005984CA'>Click Here</a>"
"Thi Ni Thai","Standard Inspection","Oct. 2020",4,3,"<a href='https://healthspace.com/Clients/Ohio/LorainCounty/Web.nsf/Food-InspectionDetails?OpenView&RestrictToCategory=7E41C064874E693D8525861000744E7A'>Click Here</a>"
"Azariah's Cafe","Standard Inspection","Sep. 2020",1,0,"<a href='https://healthspace.com/Clients/Ohio/LorainCounty/Web.nsf/Food-InspectionDetails?OpenView&RestrictToCategory=5508265CF37EFD03852585EC004F1AEE'>Click Here</a>"
"Aladdin's Eatery","Standard/Critical Control Point Inspection","Sep. 2020",0,1,"<a href='https://healthspace.com/Clients/Ohio/LorainCounty/Web.nsf/Food-InspectionDetails?OpenView&RestrictToCategory=F9AE6576AAE7BB18852585EA006505EB'>Click Here</a>"
"The Feve","Follow-up Inspection","Sep. 2020",0,0,"<a href='https://healthspace.com/Clients/Ohio/LorainCounty/Web.nsf/Food-InspectionDetails?OpenView&RestrictToCategory=34C6DC8374E8C004852585E7005EAD2F'>Click Here</a>"
"The Feve","Standard/Critical Control Point Inspection","Sep. 2020",3,1,"<a href='https://healthspace.com/Clients/Ohio/LorainCounty/Web.nsf/Food-InspectionDetails?OpenView&RestrictToCategory=B97C59BA3C97CD68852585D60069F131'>Click Here</a>"
"Lorenzo's Pizzera","Follow-up Inspection","Aug. 2020",1,1,"<a href='https://healthspace.com/Clients/Ohio/LorainCounty/Web.nsf/Food-InspectionDetails?OpenView&RestrictToCategory=523A481AD29E7519852585C80062B71E'>Click Here</a>"
"Clarity Dining Hall","Standard Inspection","Aug. 2020",0,0,"<a href='https://healthspace.com/Clients/Ohio/LorainCounty/Web.nsf/Food-InspectionDetails?OpenView&RestrictToCategory=C6265B65F7CC3973852585C20057AB5A'>Click Here</a>"
"Heritage Dining Hall","Standard Inspection","Aug. 2020",0,1,"<a href='https://healthspace.com/Clients/Ohio/LorainCounty/Web.nsf/Food-InspectionDetails?OpenView&RestrictToCategory=EF5F3A3275EE88AD852585C20055A718'>Click Here</a>"
"Lord Saunders","Standard/Critical Control Point Inspection","Aug. 2020",0,0,"<a href='https://healthspace.com/Clients/Ohio/LorainCounty/Web.nsf/Food-InspectionDetails?OpenView&RestrictToCategory=A683BAEC0E550E04852585C2005BC4B4'>Click Here</a>"
"Lorenzo's Pizzera","Follow-up Inspection","Aug. 2020",1,1,"<a href='https://healthspace.com/Clients/Ohio/LorainCounty/Web.nsf/Food-InspectionDetails?OpenView&RestrictToCategory=F2DD335BDAF0DA03852585C2006A7107'>Click Here</a>"
"Stevenson Dining Hall","Standard/Critical Control Point Inspection","Aug. 2020",1,0,"<a href='https://healthspace.com/Clients/Ohio/LorainCounty/Web.nsf/Food-InspectionDetails?OpenView&RestrictToCategory=9886B544DC415F9F852585C2004E0220'>Click Here</a>"
"Wilder Hall","Standard/Critical Control Point Inspection","Aug. 2020",0,1,"<a href='https://healthspace.com/Clients/Ohio/LorainCounty/Web.nsf/Food-InspectionDetails?OpenView&RestrictToCategory=83ED9E3570013E46852585C20051E581'>Click Here</a>"
"Lorenzo's Pizzera","Standard Inspection","Jul. 2020",4,3,"<a href='https://healthspace.com/Clients/Ohio/LorainCounty/Web.nsf/Food-InspectionDetails?OpenView&RestrictToCategory=9F7EAE587870931D852585AE0054753E'>Click Here</a>"
"The Feve","Standard/Critical Control Point Inspection","Feb. 2020",0,0,"<a href='https://healthspace.com/Clients/Ohio/LorainCounty/Web.nsf/Food-InspectionDetails?OpenView&RestrictToCategory=57360EC3889C831D8525851A0069C9CB'>Click Here</a>"
"Lorenzo's Pizzera","Standard Inspection","Feb. 2020",0,2,"<a href='https://healthspace.com/Clients/Ohio/LorainCounty/Web.nsf/Food-InspectionDetails?OpenView&RestrictToCategory=9C610CFDB1C36D028525850D007078AD'>Click Here</a>"
"Thi Ni Thai","Standard/30 Day Inspection","Jan. 2020",1,1,"<a href='https://healthspace.com/Clients/Ohio/LorainCounty/Web.nsf/Food-InspectionDetails?OpenView&RestrictToCategory=A8F89FB3DC8478DE852584EB007A9BD4'>Click Here</a>"
"Aladdin's Eatery","Standard/Critical Control Point Inspection","Dec. 2019",3,0,"<a href='https://healthspace.com/Clients/Ohio/LorainCounty/Web.nsf/Food-InspectionDetails?OpenView&RestrictToCategory=A4401C3E5C526DAC852584C60074DE40'>Click Here</a>"
"Azariah's Cafe","Standard Inspection","Oct. 2019",0,0,"<a href='https://healthspace.com/Clients/Ohio/LorainCounty/Web.nsf/Food-InspectionDetails?OpenView&RestrictToCategory=22547B57449C65D58525848800710F98'>Click Here</a>"
"Heritage Dining Hall","Standard Inspection","Oct. 2019",1,1,"<a href='https://healthspace.com/Clients/Ohio/LorainCounty/Web.nsf/Food-InspectionDetails?OpenView&RestrictToCategory=5796CACAAD10C1A68525849400729680'>Click Here</a>"
"Lord Saunders","Standard/Critical Control Point Inspection","Oct. 2019",0,0,"<a href='https://healthspace.com/Clients/Ohio/LorainCounty/Web.nsf/Food-InspectionDetails?OpenView&RestrictToCategory=64A0745D77D301F28525848800715ABF'>Click Here</a>"
"Stevenson Dining Hall","Consultation Inspection","Oct. 2019",0,0,"<a href='https://healthspace.com/Clients/Ohio/LorainCounty/Web.nsf/Food-InspectionDetails?OpenView&RestrictToCategory=B2976792C14850BD85258490006F6A92'>Click Here</a>"
"Stevenson Dining Hall","Standard/Critical Control Point Inspection","Sep. 2019",3,1,"<a href='https://healthspace.com/Clients/Ohio/LorainCounty/Web.nsf/Food-InspectionDetails?OpenView&RestrictToCategory=05705CD9416EC2BC85258488004C606E'>Click Here</a>"
"Wilder Hall","Standard/Critical Control Point Inspection","Sep. 2019",1,2,"<a href='https://healthspace.com/Clients/Ohio/LorainCounty/Web.nsf/Food-InspectionDetails?OpenView&RestrictToCategory=E02DFF56899B9A3185258488004B05CC'>Click Here</a>"
"The Feve","Standard/Critical Control Point Inspection","Aug. 2019",2,2,"<a href='https://healthspace.com/Clients/Ohio/LorainCounty/Web.nsf/Food-InspectionDetails?OpenView&RestrictToCategory=5F241286203C1FB085258463005800E9'>Click Here</a>"
"Lorenzo's Pizzera","Standard Inspection","Jul. 2019",2,0,"<a href='https://healthspace.com/Clients/Ohio/LorainCounty/Web.nsf/Food-InspectionDetails?OpenView&RestrictToCategory=1C30FE6EC3F278BF85258448005AEE25'>Click Here</a>"
"Aladdin's Eatery","Standard/Critical Control Point Inspection","Jun. 2019",1,0,"<a href='https://healthspace.com/Clients/Ohio/LorainCounty/Web.nsf/Food-InspectionDetails?OpenView&RestrictToCategory=B8B5967EAE00F80E8525841E0058E58E'>Click Here</a>"
"Stevenson Dining Hall","Complaint Inspection","May. 2019",0,0,"<a href='https://healthspace.com/Clients/Ohio/LorainCounty/Web.nsf/Food-InspectionDetails?OpenView&RestrictToCategory=4D1703B3F65AC50A852583FC005A8E08'>Click Here</a>"
"Heritage Dining Hall","Standard Inspection","Apr. 2019",0,0,"<a href='https://healthspace.com/Clients/Ohio/LorainCounty/Web.nsf/Food-InspectionDetails?OpenView&RestrictToCategory=7D9E457FD0E4D98E852583E600521E75'>Click Here</a>"
"Wilder Hall","Standard/Critical Control Point Inspection","Mar. 2019",1,2,"<a href='https://healthspace.com/Clients/Ohio/LorainCounty/Web.nsf/Food-InspectionDetails?OpenView&RestrictToCategory=B8C6D1D677812A56852583CB0059EA73'>Click Here</a>"
"Stevenson Dining Hall","Standard/Critical Control Point Inspection","Mar. 2019",1,0,"<a href='https://healthspace.com/Clients/Ohio/LorainCounty/Web.nsf/Food-InspectionDetails?OpenView&RestrictToCategory=B3B7BC159726D278852583C200717FAD'>Click Here</a>"
"Azariah's Cafe","Standard Inspection","Mar. 2019",0,0,"<a href='https://healthspace.com/Clients/Ohio/LorainCounty/Web.nsf/Food-InspectionDetails?OpenView&RestrictToCategory=7B42895E296BE1F1852583CB005F2AFC'>Click Here</a>"
"Lord Saunders","Standard/Critical Control Point Inspection","Mar. 2019",1,1,"<a href='https://healthspace.com/Clients/Ohio/LorainCounty/Web.nsf/Food-InspectionDetails?OpenView&RestrictToCategory=9047395E9C088252852583B40074D6F8'>Click Here</a>"
"The Feve","Follow-up Inspection","Feb. 2019",0,1,"<a href='https://healthspace.com/Clients/Ohio/LorainCounty/Web.nsf/Food-InspectionDetails?OpenView&RestrictToCategory=64F801132E20F5C48525839700562E9A'>Click Here</a>"
"The Feve","Standard/Critical Control Point Inspection","Dec. 2018",3,2,"<a href='https://healthspace.com/Clients/Ohio/LorainCounty/Web.nsf/Food-InspectionDetails?OpenView&RestrictToCategory=1903B1EC5750680385258366006567E4'>Click Here</a>"
"Aladdin's Eatery","Follow-up Inspection","Dec. 2018",0,0,"<a href='https://healthspace.com/Clients/Ohio/LorainCounty/Web.nsf/Food-InspectionDetails?OpenView&RestrictToCategory=91517CB2277D48628525835F00692A10'>Click Here</a>"
"Aladdin's Eatery","Standard/Critical Control Point Inspection","Nov. 2018",1,2,"<a href='https://healthspace.com/Clients/Ohio/LorainCounty/Web.nsf/Food-InspectionDetails?OpenView&RestrictToCategory=229C907053656E998525834C00608EB0'>Click Here</a>"
"Lorenzo's Pizzera","Standard Inspection","Oct. 2018",1,0,"<a href='https://healthspace.com/Clients/Ohio/LorainCounty/Web.nsf/Food-InspectionDetails?OpenView&RestrictToCategory=2C3DC7F2A33F103F852583370052F866'>Click Here</a>"
"Heritage Dining Hall","Standard Inspection","Oct. 2018",2,0,"<a href='https://healthspace.com/Clients/Ohio/LorainCounty/Web.nsf/Food-InspectionDetails?OpenView&RestrictToCategory=DEADA538A7BDED4B8525831C00680116'>Click Here</a>"
"Stevenson Dining Hall","Standard/Critical Control Point Inspection","Oct. 2018",0,0,"<a href='https://healthspace.com/Clients/Ohio/LorainCounty/Web.nsf/Food-InspectionDetails?OpenView&RestrictToCategory=5E1B1E75C562C4378525831C00674876'>Click Here</a>"
"Wilder Hall","Follow-up Inspection","Oct. 2018",0,0,"<a href='https://healthspace.com/Clients/Ohio/LorainCounty/Web.nsf/Food-InspectionDetails?OpenView&RestrictToCategory=670A905FCA4B25E08525831C0066E5C3'>Click Here</a>"
"Lord Saunders","Standard/Critical Control Point Inspection","Sep. 2018",1,2,"<a href='https://healthspace.com/Clients/Ohio/LorainCounty/Web.nsf/Food-InspectionDetails?OpenView&RestrictToCategory=CD299D07B3FA791285258315006B8C20'>Click Here</a>"
"The Feve","Standard/Critical Control Point Inspection","Sep. 2018",1,4,"<a href='https://healthspace.com/Clients/Ohio/LorainCounty/Web.nsf/Food-InspectionDetails?OpenView&RestrictToCategory=9D160B2BAF3B257285258312005AB90E'>Click Here</a>"
"Azariah's Cafe","Standard Inspection","Sep. 2018",0,0,"<a href='https://healthspace.com/Clients/Ohio/LorainCounty/Web.nsf/Food-InspectionDetails?OpenView&RestrictToCategory=CEFC98D1E9DC930285258307006E947F'>Click Here</a>"
"Wilder Hall","Standard/Critical Control Point Inspection","Sep. 2018",2,4,"<a href='https://healthspace.com/Clients/Ohio/LorainCounty/Web.nsf/Food-InspectionDetails?OpenView&RestrictToCategory=8B7C64BEDAF300B885258307006BB68B'>Click Here</a>"
"Aladdin's Eatery","Standard Inspection","Aug. 2018",1,2,"<a href='https://healthspace.com/Clients/Ohio/LorainCounty/Web.nsf/Food-InspectionDetails?OpenView&RestrictToCategory=696C9A1CD89A5978852582EC005B4695'>Click Here</a>"
"Aladdin's Eatery","Critical Control Point Inspection","Aug. 2018",NA,NA,"<a href='https://healthspace.com/Clients/Ohio/LorainCounty/Web.nsf/Food-InspectionDetails?OpenView&RestrictToCategory=FD6AE8C6E6A06DF9852582EC005C4519'>Click Here</a>"
"Stevenson Dining Hall","Complaint Inspection","Jul. 2018",0,0,"<a href='https://healthspace.com/Clients/Ohio/LorainCounty/Web.nsf/Food-InspectionDetails?OpenView&RestrictToCategory=7432170FFA9F9EB0852582D30067CEF8'>Click Here</a>"
"Lorenzo's Pizzera","Standard Inspection","Jul. 2018",1,3,"<a href='https://healthspace.com/Clients/Ohio/LorainCounty/Web.nsf/Food-InspectionDetails?OpenView&RestrictToCategory=CDAF7C5A5AA07D37852582C20069C955'>Click Here</a>"
"Lorenzo's Pizzera","Complaint Inspection","Jul. 2018",0,0,"<a href='https://healthspace.com/Clients/Ohio/LorainCounty/Web.nsf/Food-InspectionDetails?OpenView&RestrictToCategory=42D66846A25EDAC5852582C2006B8EA5'>Click Here</a>"
"Lorenzo's Pizzera","Standard Inspection","May. 2018",0,2,"<a href='https://healthspace.com/Clients/Ohio/LorainCounty/Web.nsf/Food-InspectionDetails?OpenView&RestrictToCategory=D217D9F07135A5FE8525828E004FCB03'>Click Here</a>"
"Stevenson Dining Hall","Critical Control Point Inspection","Mar. 2018",NA,NA,"<a href='https://healthspace.com/Clients/Ohio/LorainCounty/Web.nsf/Food-InspectionDetails?OpenView&RestrictToCategory=7FF05E1CEFA738BB8525825D0078D1E2'>Click Here</a>"
"Stevenson Dining Hall","Standard Inspection","Mar. 2018",1,1,"<a href='https://healthspace.com/Clients/Ohio/LorainCounty/Web.nsf/Food-InspectionDetails?OpenView&RestrictToCategory=DE0EA357DB0B72E28525825D007849F6'>Click Here</a>"
"Heritage Dining Hall","Standard Inspection","Mar. 2018",0,4,"<a href='https://healthspace.com/Clients/Ohio/LorainCounty/Web.nsf/Food-InspectionDetails?OpenView&RestrictToCategory=89D4EFEA89848BAD8525824A007686EC'>Click Here</a>"
"Lord Saunders","Standard Inspection","Mar. 2018",0,0,"<a href='https://healthspace.com/Clients/Ohio/LorainCounty/Web.nsf/Food-InspectionDetails?OpenView&RestrictToCategory=104F3AD707D150298525824A0075B02C'>Click Here</a>"
"Lord Saunders","Critical Control Point Inspection","Mar. 2018",NA,NA,"<a href='https://healthspace.com/Clients/Ohio/LorainCounty/Web.nsf/Food-InspectionDetails?OpenView&RestrictToCategory=6257202072982B718525824A0075FD84'>Click Here</a>"
"Wilder Hall","Standard Inspection","Mar. 2018",0,0,"<a href='https://healthspace.com/Clients/Ohio/LorainCounty/Web.nsf/Food-InspectionDetails?OpenView&RestrictToCategory=F165AFA307BA03888525824A0073E1BE'>Click Here</a>"
"Wilder Hall","Critical Control Point Inspection","Mar. 2018",NA,NA,"<a href='https://healthspace.com/Clients/Ohio/LorainCounty/Web.nsf/Food-InspectionDetails?OpenView&RestrictToCategory=282BA84105657BA68525824A007476C5'>Click Here</a>"
"The Feve","Standard Inspection","Dec. 2017",3,3,"<a href='https://healthspace.com/Clients/Ohio/LorainCounty/Web.nsf/Food-InspectionDetails?OpenView&RestrictToCategory=E34A38319B3478C3852581ED0069103F'>Click Here</a>"
"The Feve","Critical Control Point Inspection","Dec. 2017",NA,NA,"<a href='https://healthspace.com/Clients/Ohio/LorainCounty/Web.nsf/Food-InspectionDetails?OpenView&RestrictToCategory=D00FC1FBBB046D55852581ED006A85BA'>Click Here</a>"
"Lord Saunders","Standard Inspection","Nov. 2017",0,0,"<a href='https://healthspace.com/Clients/Ohio/LorainCounty/Web.nsf/Food-InspectionDetails?OpenView&RestrictToCategory=D16E639905DB6E8B852581E7005FEE02'>Click Here</a>"
"Lord Saunders","Critical Control Point Inspection","Nov. 2017",NA,NA,"<a href='https://healthspace.com/Clients/Ohio/LorainCounty/Web.nsf/Food-InspectionDetails?OpenView&RestrictToCategory=E89D0EF3C164A213852581E7005F76BF'>Click Here</a>"
"Stevenson Dining Hall","Critical Control Point Inspection","Nov. 2017",NA,NA,"<a href='https://healthspace.com/Clients/Ohio/LorainCounty/Web.nsf/Food-InspectionDetails?OpenView&RestrictToCategory=D945588E3E2EC275852581DE00486D2C'>Click Here</a>"
"Stevenson Dining Hall","Standard Inspection","Nov. 2017",2,1,"<a href='https://healthspace.com/Clients/Ohio/LorainCounty/Web.nsf/Food-InspectionDetails?OpenView&RestrictToCategory=5117796736652842852581DE0047A9CA'>Click Here</a>"
"Lorenzo's Pizzera","Standard Inspection","Nov. 2017",2,3,"<a href='https://healthspace.com/Clients/Ohio/LorainCounty/Web.nsf/Food-InspectionDetails?OpenView&RestrictToCategory=C888E266D9F49B7F852581D7006C167C'>Click Here</a>"
"Wilder Hall","Standard Inspection","Sep. 2017",0,1,"<a href='https://healthspace.com/Clients/Ohio/LorainCounty/Web.nsf/Food-InspectionDetails?OpenView&RestrictToCategory=8E2BD49F81CC64A9852581A20055E335'>Click Here</a>"
"Wilder Hall","Critical Control Point Inspection","Sep. 2017",NA,NA,"<a href='https://healthspace.com/Clients/Ohio/LorainCounty/Web.nsf/Food-InspectionDetails?OpenView&RestrictToCategory=F026DFC6EA8502A3852581A200564832'>Click Here</a>"
"Heritage Dining Hall","Standard Inspection","Sep. 2017",0,1,"<a href='https://healthspace.com/Clients/Ohio/LorainCounty/Web.nsf/Food-InspectionDetails?OpenView&RestrictToCategory=58B64628FB712E738525819B0052F324'>Click Here</a>"
"Aladdin's Eatery","Standard Inspection","Sep. 2017",2,2,"<a href='https://healthspace.com/Clients/Ohio/LorainCounty/Web.nsf/Food-InspectionDetails?OpenView&RestrictToCategory=87B16528F92CE7EB8525819400656B3B'>Click Here</a>"
"Aladdin's Eatery","Critical Control Point Inspection","Sep. 2017",NA,NA,"<a href='https://healthspace.com/Clients/Ohio/LorainCounty/Web.nsf/Food-InspectionDetails?OpenView&RestrictToCategory=75003D08BE6690DD85258194006631E2'>Click Here</a>"
"Lorenzo's Pizzera","Standard Inspection","Jun. 2017",3,3,"<a href='https://healthspace.com/Clients/Ohio/LorainCounty/Web.nsf/Food-InspectionDetails?OpenView&RestrictToCategory=927036291AF8ED448525813D0069CBA1'>Click Here</a>"
"Stevenson Dining Hall","Standard Inspection","May. 2017",2,4,"<a href='https://healthspace.com/Clients/Ohio/LorainCounty/Web.nsf/Food-InspectionDetails?OpenView&RestrictToCategory=5838FA6E2DDF5F4A85258116005F9BFD'>Click Here</a>"
"Stevenson Dining Hall","Critical Control Point Inspection","May. 2017",NA,NA,"<a href='https://healthspace.com/Clients/Ohio/LorainCounty/Web.nsf/Food-InspectionDetails?OpenView&RestrictToCategory=D47E2C05C7C54A1A8525811600610B73'>Click Here</a>"
"The Feve","Standard Inspection","May. 2017",2,2,"<a href='https://healthspace.com/Clients/Ohio/LorainCounty/Web.nsf/Food-InspectionDetails?OpenView&RestrictToCategory=B1D20B7F1B0BE6F9852581130060709F'>Click Here</a>"
"The Feve","Critical Control Point Inspection","May. 2017",NA,NA,"<a href='https://healthspace.com/Clients/Ohio/LorainCounty/Web.nsf/Food-InspectionDetails?OpenView&RestrictToCategory=2AA0E12261E4A4F4852581130062135B'>Click Here</a>"
"The Feve","Other Inspection","May. 2017",0,0,"<a href='https://healthspace.com/Clients/Ohio/LorainCounty/Web.nsf/Food-InspectionDetails?OpenView&RestrictToCategory=2A54C594F8242EEE852581130058A7B5'>Click Here</a>"
"Azariah's Cafe","Standard Inspection","Apr. 2017",0,0,"<a href='https://healthspace.com/Clients/Ohio/LorainCounty/Web.nsf/Food-InspectionDetails?OpenView&RestrictToCategory=D2E05F24B652591D85258108007095E7'>Click Here</a>"
"Lord Saunders","Standard Inspection","Apr. 2017",0,3,"<a href='https://healthspace.com/Clients/Ohio/LorainCounty/Web.nsf/Food-InspectionDetails?OpenView&RestrictToCategory=8F4B75E5956ECEAE852581080070EE25'>Click Here</a>"
"Lord Saunders","Critical Control Point Inspection","Apr. 2017",NA,NA,"<a href='https://healthspace.com/Clients/Ohio/LorainCounty/Web.nsf/Food-InspectionDetails?OpenView&RestrictToCategory=90550B95FDC876D1852581080072366B'>Click Here</a>"
"Aladdin's Eatery","Follow-up Inspection","Mar. 2017",0,0,"<a href='https://healthspace.com/Clients/Ohio/LorainCounty/Web.nsf/Food-InspectionDetails?OpenView&RestrictToCategory=868BB89B09E26BCE852580F3006C9592'>Click Here</a>"
"Heritage Dining Hall","Standard Inspection","Mar. 2017",1,3,"<a href='https://healthspace.com/Clients/Ohio/LorainCounty/Web.nsf/Food-InspectionDetails?OpenView&RestrictToCategory=E7E415254E6344B7852580F3006A047B'>Click Here</a>"
"Wilder Hall","Standard Inspection","Mar. 2017",1,1,"<a href='https://healthspace.com/Clients/Ohio/LorainCounty/Web.nsf/Food-InspectionDetails?OpenView&RestrictToCategory=F506BD17BF6890B1852580F300680BCC'>Click Here</a>"
"Wilder Hall","Critical Control Point Inspection","Mar. 2017",NA,NA,"<a href='https://healthspace.com/Clients/Ohio/LorainCounty/Web.nsf/Food-InspectionDetails?OpenView&RestrictToCategory=69F6FBA4FE88155E852580F30068ECBF'>Click Here</a>"
"Aladdin's Eatery","Follow-up Inspection","Mar. 2017",1,0,"<a href='https://healthspace.com/Clients/Ohio/LorainCounty/Web.nsf/Food-InspectionDetails?OpenView&RestrictToCategory=E39449BF28B23589852580E50062049B'>Click Here</a>"
"Aladdin's Eatery","Standard Inspection","Mar. 2017",3,4,"<a href='https://healthspace.com/Clients/Ohio/LorainCounty/Web.nsf/Food-InspectionDetails?OpenView&RestrictToCategory=C430D8F67F6B668F852580DE006B0750'>Click Here</a>"
"Aladdin's Eatery","Critical Control Point Inspection","Mar. 2017",NA,NA,"<a href='https://healthspace.com/Clients/Ohio/LorainCounty/Web.nsf/Food-InspectionDetails?OpenView&RestrictToCategory=A55A1B07609B4197852580DE006D3180'>Click Here</a>"
"The Feve","Critical Control Point Inspection","Dec. 2016",NA,NA,"<a href='https://healthspace.com/Clients/Ohio/LorainCounty/Web.nsf/Food-InspectionDetails?OpenView&RestrictToCategory=5D41DB48FAC179018525808100749D15'>Click Here</a>"
"The Feve","Standard Inspection","Dec. 2016",2,4,"<a href='https://healthspace.com/Clients/Ohio/LorainCounty/Web.nsf/Food-InspectionDetails?OpenView&RestrictToCategory=4F121ED7279709D38525808100738BC8'>Click Here</a>"
"Stevenson Dining Hall","Critical Control Point Inspection","Nov. 2016",NA,NA,"<a href='https://healthspace.com/Clients/Ohio/LorainCounty/Web.nsf/Food-InspectionDetails?OpenView&RestrictToCategory=A2CB8116B59CE04185258066005D842B'>Click Here</a>"
"Stevenson Dining Hall","Standard Inspection","Nov. 2016",2,2,"<a href='https://healthspace.com/Clients/Ohio/LorainCounty/Web.nsf/Food-InspectionDetails?OpenView&RestrictToCategory=12E2E6CED12F49B685258066005C1075'>Click Here</a>"
"Lord Saunders","Standard Inspection","Oct. 2016",1,2,"<a href='https://healthspace.com/Clients/Ohio/LorainCounty/Web.nsf/Food-InspectionDetails?OpenView&RestrictToCategory=6D2D2C8A2D1FE41A85258057005E7C1F'>Click Here</a>"
"Lord Saunders","Critical Control Point Inspection","Oct. 2016",NA,NA,"<a href='https://healthspace.com/Clients/Ohio/LorainCounty/Web.nsf/Food-InspectionDetails?OpenView&RestrictToCategory=040C6E728DE7E40D85258057005F20C1'>Click Here</a>"
"Lorenzo's Pizzera","Standard Inspection","Oct. 2016",2,2,"<a href='https://healthspace.com/Clients/Ohio/LorainCounty/Web.nsf/Food-InspectionDetails?OpenView&RestrictToCategory=6ED33DBA9E412514852580430063E3EF'>Click Here</a>"
"Heritage Dining Hall","Standard Inspection","Sep. 2016",2,7,"<a href='https://healthspace.com/Clients/Ohio/LorainCounty/Web.nsf/Food-InspectionDetails?OpenView&RestrictToCategory=D6FA561C824BFD538525803A005D7EAB'>Click Here</a>"
"Aladdin's Eatery","Follow-up Inspection","Sep. 2016",0,0,"<a href='https://healthspace.com/Clients/Ohio/LorainCounty/Web.nsf/Food-InspectionDetails?OpenView&RestrictToCategory=A4417FB6FE8433308525803600615EAE'>Click Here</a>"
"Wilder Hall","Standard Inspection","Sep. 2016",2,3,"<a href='https://healthspace.com/Clients/Ohio/LorainCounty/Web.nsf/Food-InspectionDetails?OpenView&RestrictToCategory=E1AADA4B1CF69A2D8525802F005E5FB1'>Click Here</a>"
"Wilder Hall","Critical Control Point Inspection","Sep. 2016",NA,NA,"<a href='https://healthspace.com/Clients/Ohio/LorainCounty/Web.nsf/Food-InspectionDetails?OpenView&RestrictToCategory=22DF465F76D5CA948525802F005F3694'>Click Here</a>"
"Aladdin's Eatery","Follow-up Inspection","Sep. 2016",1,1,"<a href='https://healthspace.com/Clients/Ohio/LorainCounty/Web.nsf/Food-InspectionDetails?OpenView&RestrictToCategory=BF102CA654B9E1D285258021004F8A5F'>Click Here</a>"
"Aladdin's Eatery","Critical Control Point Inspection","Aug. 2016",NA,NA,"<a href='https://healthspace.com/Clients/Ohio/LorainCounty/Web.nsf/Food-InspectionDetails?OpenView&RestrictToCategory=3565AAE9F5797D8C85258020006DEE97'>Click Here</a>"
"Aladdin's Eatery","Standard Inspection","Aug. 2016",2,2,"<a href='https://healthspace.com/Clients/Ohio/LorainCounty/Web.nsf/Food-InspectionDetails?OpenView&RestrictToCategory=65C205CCBE27C1B485258020006CBD4D'>Click Here</a>"
"The Feve","Standard Inspection","Jun. 2016",2,2,"<a href='https://healthspace.com/Clients/Ohio/LorainCounty/Web.nsf/Food-InspectionDetails?OpenView&RestrictToCategory=1EBAD14ED7EDA3E485257FD8006A865D'>Click Here</a>"
"The Feve","Critical Control Point Inspection","Jun. 2016",NA,NA,"<a href='https://healthspace.com/Clients/Ohio/LorainCounty/Web.nsf/Food-InspectionDetails?OpenView&RestrictToCategory=42AE173A1ED96C8685257FD8006BB258'>Click Here</a>"
"Aladdin's Eatery","Follow-up Inspection","May. 2016",1,0,"<a href='https://healthspace.com/Clients/Ohio/LorainCounty/Web.nsf/Food-InspectionDetails?OpenView&RestrictToCategory=6A528F73D72F7A7485257FAE0068F82F'>Click Here</a>"
"Heritage Dining Hall","Standard Inspection","May. 2016",2,2,"<a href='https://healthspace.com/Clients/Ohio/LorainCounty/Web.nsf/Food-InspectionDetails?OpenView&RestrictToCategory=30373F4C6847694985257FAE00604DCC'>Click Here</a>"
"Lord Saunders","Standard Inspection","Apr. 2016",1,1,"<a href='https://healthspace.com/Clients/Ohio/LorainCounty/Web.nsf/Food-InspectionDetails?OpenView&RestrictToCategory=E11ECB6BFB243D6585257FA300630E0D'>Click Here</a>"
"Lord Saunders","Critical Control Point Inspection","Apr. 2016",NA,NA,"<a href='https://healthspace.com/Clients/Ohio/LorainCounty/Web.nsf/Food-InspectionDetails?OpenView&RestrictToCategory=1947C2C659D3B6AF85257FA300638E28'>Click Here</a>"
"Lorenzo's Pizzera","Standard Inspection","Apr. 2016",0,0,"<a href='https://healthspace.com/Clients/Ohio/LorainCounty/Web.nsf/Food-InspectionDetails?OpenView&RestrictToCategory=7E8B812E708EAF7E85257FA3006CD1F4'>Click Here</a>"
"Stevenson Dining Hall","Critical Control Point Inspection","Apr. 2016",NA,NA,"<a href='https://healthspace.com/Clients/Ohio/LorainCounty/Web.nsf/Food-InspectionDetails?OpenView&RestrictToCategory=34E14B875A3C007085257F99005D4DAF'>Click Here</a>"
"Stevenson Dining Hall","Standard Inspection","Apr. 2016",2,3,"<a href='https://healthspace.com/Clients/Ohio/LorainCounty/Web.nsf/Food-InspectionDetails?OpenView&RestrictToCategory=6EA43B08C31529D685257F99005C1239'>Click Here</a>"
"Azariah's Cafe","Standard Inspection","Apr. 2016",0,0,"<a href='https://healthspace.com/Clients/Ohio/LorainCounty/Web.nsf/Food-InspectionDetails?OpenView&RestrictToCategory=238D9B4AF7337C8E85257F8E006B696F'>Click Here</a>"
"Wilder Hall","Standard Inspection","Mar. 2016",3,5,"<a href='https://healthspace.com/Clients/Ohio/LorainCounty/Web.nsf/Food-InspectionDetails?OpenView&RestrictToCategory=55F9F3B979AC16F685257F86005DC263'>Click Here</a>"
"Wilder Hall","Critical Control Point Inspection","Mar. 2016",NA,NA,"<a href='https://healthspace.com/Clients/Ohio/LorainCounty/Web.nsf/Food-InspectionDetails?OpenView&RestrictToCategory=484F921848907B1585257F86005F9B66'>Click Here</a>"
"Aladdin's Eatery","Critical Control Point Inspection","Mar. 2016",NA,NA,"<a href='https://healthspace.com/Clients/Ohio/LorainCounty/Web.nsf/Food-InspectionDetails?OpenView&RestrictToCategory=1EA09EA0CA77BE2585257F7E006BEB92'>Click Here</a>"
"Aladdin's Eatery","Standard Inspection","Mar. 2016",4,1,"<a href='https://healthspace.com/Clients/Ohio/LorainCounty/Web.nsf/Food-InspectionDetails?OpenView&RestrictToCategory=52E68DC2B081423585257F7E006A37CF'>Click Here</a>"
"Lorenzo's Pizzera","Other Inspection","Mar. 2016",0,0,"<a href='https://healthspace.com/Clients/Ohio/LorainCounty/Web.nsf/Food-InspectionDetails?OpenView&RestrictToCategory=98F133895C4065BF85257F730056C882'>Click Here</a>"
"Azariah's Cafe","Standard Inspection","Nov. 2015",1,2,"<a href='https://healthspace.com/Clients/Ohio/LorainCounty/Web.nsf/Food-InspectionDetails?OpenView&RestrictToCategory=3D8B420D142F8C4485257F070071C7FE'>Click Here</a>"
"Lord Saunders","Critical Control Point Inspection","Nov. 2015",NA,NA,"<a href='https://healthspace.com/Clients/Ohio/LorainCounty/Web.nsf/Food-InspectionDetails?OpenView&RestrictToCategory=69F7F7951FCD398085257F070070C4D6'>Click Here</a>"
"Lord Saunders","Standard Inspection","Nov. 2015",3,1,"<a href='https://healthspace.com/Clients/Ohio/LorainCounty/Web.nsf/Food-InspectionDetails?OpenView&RestrictToCategory=A08F6FDDCEC7A85585257F07006F914F'>Click Here</a>"
"The Feve","Critical Control Point Inspection","Nov. 2015",NA,NA,"<a href='https://healthspace.com/Clients/Ohio/LorainCounty/Web.nsf/Food-InspectionDetails?OpenView&RestrictToCategory=8FDB5A30A649E81785257F010075BFCD'>Click Here</a>"
"The Feve","Standard Inspection","Nov. 2015",1,2,"<a href='https://healthspace.com/Clients/Ohio/LorainCounty/Web.nsf/Food-InspectionDetails?OpenView&RestrictToCategory=C7D3974295CFAD0485257F01007547BF'>Click Here</a>"
"Stevenson Dining Hall","Critical Control Point Inspection","Oct. 2015",NA,NA,"<a href='https://healthspace.com/Clients/Ohio/LorainCounty/Web.nsf/Food-InspectionDetails?OpenView&RestrictToCategory=3FFE7E66E813876485257EEC005A76D6'>Click Here</a>"
"Heritage Dining Hall","Standard Inspection","Oct. 2015",1,1,"<a href='https://healthspace.com/Clients/Ohio/LorainCounty/Web.nsf/Food-InspectionDetails?OpenView&RestrictToCategory=9694D5BB5A7D56BD85257EDF005EF97A'>Click Here</a>"
"Stevenson Dining Hall","Critical Control Point Inspection","Oct. 2015",NA,NA,"<a href='https://healthspace.com/Clients/Ohio/LorainCounty/Web.nsf/Food-InspectionDetails?OpenView&RestrictToCategory=CF6B12D84CFD4E9785257EDF005FECFF'>Click Here</a>"
"Stevenson Dining Hall","Standard Inspection","Oct. 2015",2,3,"<a href='https://healthspace.com/Clients/Ohio/LorainCounty/Web.nsf/Food-InspectionDetails?OpenView&RestrictToCategory=3E23433613F0264E85257EDF0060E0BE'>Click Here</a>"
"Wilder Hall","Follow-up Inspection","Sep. 2015",0,0,"<a href='https://healthspace.com/Clients/Ohio/LorainCounty/Web.nsf/Food-InspectionDetails?OpenView&RestrictToCategory=18521314C86DD8ED85257ED0005C8164'>Click Here</a>"
"Lord Saunders","Standard Inspection","Sep. 2015",0,1,"<a href='https://healthspace.com/Clients/Ohio/LorainCounty/Web.nsf/Food-InspectionDetails?OpenView&RestrictToCategory=3ED1A47CA29AD08B85257EC1005EE608'>Click Here</a>"
"Lord Saunders","Critical Control Point Inspection","Sep. 2015",NA,NA,"<a href='https://healthspace.com/Clients/Ohio/LorainCounty/Web.nsf/Food-InspectionDetails?OpenView&RestrictToCategory=9747419BA855972785257EC1005F63AE'>Click Here</a>"
"Wilder Hall","Standard Inspection","Sep. 2015",1,4,"<a href='https://healthspace.com/Clients/Ohio/LorainCounty/Web.nsf/Food-InspectionDetails?OpenView&RestrictToCategory=EA8195A3914FD79485257EC1005D63E4'>Click Here</a>"
"Wilder Hall","Critical Control Point Inspection","Sep. 2015",NA,NA,"<a href='https://healthspace.com/Clients/Ohio/LorainCounty/Web.nsf/Food-InspectionDetails?OpenView&RestrictToCategory=81C5C7BEA9597C2A85257EC1005E29C8'>Click Here</a>"
"Lorenzo's Pizzera","Follow-up Inspection","Sep. 2015",0,0,"<a href='https://healthspace.com/Clients/Ohio/LorainCounty/Web.nsf/Food-InspectionDetails?OpenView&RestrictToCategory=D898D5A71EA0286F85257EB30066E141'>Click Here</a>"
"Aladdin's Eatery","Standard Inspection","Aug. 2015",1,0,"<a href='https://healthspace.com/Clients/Ohio/LorainCounty/Web.nsf/Food-InspectionDetails?OpenView&RestrictToCategory=ACBEF2CFDB6C0C9C85257E9700539024'>Click Here</a>"
"Aladdin's Eatery","Critical Control Point Inspection","Aug. 2015",NA,NA,"<a href='https://healthspace.com/Clients/Ohio/LorainCounty/Web.nsf/Food-InspectionDetails?OpenView&RestrictToCategory=38CC8723BF4983D485257E9700547EBF'>Click Here</a>"
"Lorenzo's Pizzera","Standard Inspection","Aug. 2015",1,2,"<a href='https://healthspace.com/Clients/Ohio/LorainCounty/Web.nsf/Food-InspectionDetails?OpenView&RestrictToCategory=30444C95313893B785257E9700645E24'>Click Here</a>"
"The Feve","Critical Control Point Inspection","Jun. 2015",NA,NA,"<a href='https://healthspace.com/Clients/Ohio/LorainCounty/Web.nsf/Food-InspectionDetails?OpenView&RestrictToCategory=05A6D6F62AC363B985257E6700679926'>Click Here</a>"
"The Feve","Standard Inspection","Jun. 2015",2,1,"<a href='https://healthspace.com/Clients/Ohio/LorainCounty/Web.nsf/Food-InspectionDetails?OpenView&RestrictToCategory=8C5C694F9217FFCB85257E67006648E1'>Click Here</a>"
"Aladdin's Eatery","Follow-up Inspection","May. 2015",1,0,"<a href='https://healthspace.com/Clients/Ohio/LorainCounty/Web.nsf/Food-InspectionDetails?OpenView&RestrictToCategory=98768BC17896967C85257E460063B991'>Click Here</a>"
"Stevenson Dining Hall","Follow-up Inspection","May. 2015",2,0,"<a href='https://healthspace.com/Clients/Ohio/LorainCounty/Web.nsf/Food-InspectionDetails?OpenView&RestrictToCategory=E84EE045F184A71785257E4300581F6D'>Click Here</a>"
"Heritage Dining Hall","Standard Inspection","May. 2015",1,2,"<a href='https://healthspace.com/Clients/Ohio/LorainCounty/Web.nsf/Food-InspectionDetails?OpenView&RestrictToCategory=725E08B9DB4839AB85257E3D005CE677'>Click Here</a>"
"Stevenson Dining Hall","Standard Inspection","May. 2015",5,1,"<a href='https://healthspace.com/Clients/Ohio/LorainCounty/Web.nsf/Food-InspectionDetails?OpenView&RestrictToCategory=717CD0CE3FA29C3885257E3D005974C8'>Click Here</a>"
"Stevenson Dining Hall","Critical Control Point Inspection","May. 2015",NA,NA,"<a href='https://healthspace.com/Clients/Ohio/LorainCounty/Web.nsf/Food-InspectionDetails?OpenView&RestrictToCategory=4C62553B04C3FB1985257E3D005AF1F8'>Click Here</a>"
"Aladdin's Eatery","Standard Inspection","Apr. 2015",4,2,"<a href='https://healthspace.com/Clients/Ohio/LorainCounty/Web.nsf/Food-InspectionDetails?OpenView&RestrictToCategory=D06B85C252C0E93385257E36006B5377'>Click Here</a>"
"Aladdin's Eatery","Critical Control Point Inspection","Apr. 2015",NA,NA,"<a href='https://healthspace.com/Clients/Ohio/LorainCounty/Web.nsf/Food-InspectionDetails?OpenView&RestrictToCategory=FAFA6E35A5CF5F4485257E36006C9878'>Click Here</a>"
"Lorenzo's Pizzera","Standard Inspection","Apr. 2015",1,3,"<a href='https://healthspace.com/Clients/Ohio/LorainCounty/Web.nsf/Food-InspectionDetails?OpenView&RestrictToCategory=4DC0E90EF97D34D685257E34006C06E3'>Click Here</a>"
"Azariah's Cafe","Follow-up Inspection","Mar. 2015",0,0,"<a href='https://healthspace.com/Clients/Ohio/LorainCounty/Web.nsf/Food-InspectionDetails?OpenView&RestrictToCategory=FED4F8F28480A6ED85257E0C006318D4'>Click Here</a>"
"Wilder Hall","Follow-up Inspection","Mar. 2015",0,0,"<a href='https://healthspace.com/Clients/Ohio/LorainCounty/Web.nsf/Food-InspectionDetails?OpenView&RestrictToCategory=C192F26F51C82E9885257E0C00627B26'>Click Here</a>"
"Wilder Hall","Critical Control Point Inspection","Mar. 2015",NA,NA,"<a href='https://healthspace.com/Clients/Ohio/LorainCounty/Web.nsf/Food-InspectionDetails?OpenView&RestrictToCategory=84F0BE1B696ABA2D85257E0A004DF049'>Click Here</a>"
"Wilder Hall","Standard Inspection","Mar. 2015",1,1,"<a href='https://healthspace.com/Clients/Ohio/LorainCounty/Web.nsf/Food-InspectionDetails?OpenView&RestrictToCategory=4DCDAE7B511018EB85257E06006E62F1'>Click Here</a>"
"Azariah's Cafe","Standard Inspection","Mar. 2015",0,1,"<a href='https://healthspace.com/Clients/Ohio/LorainCounty/Web.nsf/Food-InspectionDetails?OpenView&RestrictToCategory=F4966FEB724AECA985257DFF0071C283'>Click Here</a>"
"The Feve","Standard Inspection","Feb. 2015",1,4,"<a href='https://healthspace.com/Clients/Ohio/LorainCounty/Web.nsf/Food-InspectionDetails?OpenView&RestrictToCategory=CF4A99DF5D1FBE3185257DF100722BDD'>Click Here</a>"
"The Feve","Critical Control Point Inspection","Feb. 2015",NA,NA,"<a href='https://healthspace.com/Clients/Ohio/LorainCounty/Web.nsf/Food-InspectionDetails?OpenView&RestrictToCategory=69A5A1E5F06FBA1A85257DF100732CF3'>Click Here</a>"
"Heritage Dining Hall","Standard Inspection","Feb. 2015",3,6,"<a href='https://healthspace.com/Clients/Ohio/LorainCounty/Web.nsf/Food-InspectionDetails?OpenView&RestrictToCategory=09B72EB3135A5DD885257DE10051C860'>Click Here</a>"
"Aladdin's Eatery","Follow-up Inspection","Dec. 2014",2,2,"<a href='https://healthspace.com/Clients/Ohio/LorainCounty/Web.nsf/Food-InspectionDetails?OpenView&RestrictToCategory=89FA6AAB94D188E685257DA2005AC022'>Click Here</a>"
"Aladdin's Eatery","Critical Control Point Inspection","Nov. 2014",NA,NA,"<a href='https://healthspace.com/Clients/Ohio/LorainCounty/Web.nsf/Food-InspectionDetails?OpenView&RestrictToCategory=07C38239E13728FF85257D9C005F6764'>Click Here</a>"
"Aladdin's Eatery","Standard Inspection","Nov. 2014",12,4,"<a href='https://healthspace.com/Clients/Ohio/LorainCounty/Web.nsf/Food-InspectionDetails?OpenView&RestrictToCategory=34C752ABC98BAC9285257D9C005C3BBA'>Click Here</a>"
"Aladdin's Eatery","Standard Inspection","Nov. 2014",11,5,"<a href='https://healthspace.com/Clients/Ohio/LorainCounty/Web.nsf/Food-InspectionDetails?OpenView&RestrictToCategory=C87944F8B1633F8C85257D9C006D4CE9'>Click Here</a>"
"Stevenson Dining Hall","Follow-up Inspection","Nov. 2014",1,0,"<a href='https://healthspace.com/Clients/Ohio/LorainCounty/Web.nsf/Food-InspectionDetails?OpenView&RestrictToCategory=AE563B823DB4296185257D9A0073795A'>Click Here</a>"
"Stevenson Dining Hall","Standard Inspection","Nov. 2014",10,19,"<a href='https://healthspace.com/Clients/Ohio/LorainCounty/Web.nsf/Food-InspectionDetails?OpenView&RestrictToCategory=1B01B71D0007E98D85257D93007234AD'>Click Here</a>"
"Stevenson Dining Hall","Critical Control Point Inspection","Nov. 2014",NA,NA,"<a href='https://healthspace.com/Clients/Ohio/LorainCounty/Web.nsf/Food-InspectionDetails?OpenView&RestrictToCategory=A35C69FEE06491AB85257D93007DE211'>Click Here</a>"
"Lorenzo's Pizzera","Standard Inspection","Nov. 2014",1,3,"<a href='https://healthspace.com/Clients/Ohio/LorainCounty/Web.nsf/Food-InspectionDetails?OpenView&RestrictToCategory=0E400BF8F68300FD85257D8F006A1420'>Click Here</a>"
"Lord Saunders","Critical Control Point Inspection","Oct. 2014",NA,NA,"<a href='https://healthspace.com/Clients/Ohio/LorainCounty/Web.nsf/Food-InspectionDetails?OpenView&RestrictToCategory=4FBA17B95AC6549585257D820050AFB5'>Click Here</a>"
"Lord Saunders","Standard Inspection","Oct. 2014",0,1,"<a href='https://healthspace.com/Clients/Ohio/LorainCounty/Web.nsf/Food-InspectionDetails?OpenView&RestrictToCategory=F5FF71E5D0D0878D85257D82004FC60D'>Click Here</a>"
"Azariah's Cafe","Standard Inspection","Oct. 2014",1,0,"<a href='https://healthspace.com/Clients/Ohio/LorainCounty/Web.nsf/Food-InspectionDetails?OpenView&RestrictToCategory=068C9403BBEF16B285257D65006AA897'>Click Here</a>"
"Wilder Hall","Standard Inspection","Sep. 2014",0,7,"<a href='https://healthspace.com/Clients/Ohio/LorainCounty/Web.nsf/Food-InspectionDetails?OpenView&RestrictToCategory=DD27AB60AF7125C985257D5D00682AFD'>Click Here</a>"
"Wilder Hall","Critical Control Point Inspection","Sep. 2014",NA,NA,"<a href='https://healthspace.com/Clients/Ohio/LorainCounty/Web.nsf/Food-InspectionDetails?OpenView&RestrictToCategory=A0FA1A048774126185257D5D006A3321'>Click Here</a>"
"Heritage Dining Hall","Standard Inspection","Sep. 2014",2,1,"<a href='https://healthspace.com/Clients/Ohio/LorainCounty/Web.nsf/Food-InspectionDetails?OpenView&RestrictToCategory=143993E3C669695F85257D4700637CBD'>Click Here</a>"
"The Feve","Standard Inspection","Aug. 2014",3,4,"<a href='https://healthspace.com/Clients/Ohio/LorainCounty/Web.nsf/Food-InspectionDetails?OpenView&RestrictToCategory=DC7055EA47F763BD85257D41006E54E7'>Click Here</a>"
"The Feve","Critical Control Point Inspection","Aug. 2014",NA,NA,"<a href='https://healthspace.com/Clients/Ohio/LorainCounty/Web.nsf/Food-InspectionDetails?OpenView&RestrictToCategory=C7A955F95646801E85257DF500485510'>Click Here</a>"
"Aladdin's Eatery","Critical Control Point Inspection","Jun. 2014",NA,NA,"<a href='https://healthspace.com/Clients/Ohio/LorainCounty/Web.nsf/Food-InspectionDetails?OpenView&RestrictToCategory=FE10B5567381DF8A85257D0000699905'>Click Here</a>"
"Aladdin's Eatery","Standard Inspection","Jun. 2014",2,2,"<a href='https://healthspace.com/Clients/Ohio/LorainCounty/Web.nsf/Food-InspectionDetails?OpenView&RestrictToCategory=2CC8A234D1321A8E85257D000066ED0D'>Click Here</a>"
"Stevenson Dining Hall","Standard Inspection","May. 2014",6,6,"<a href='https://healthspace.com/Clients/Ohio/LorainCounty/Web.nsf/Food-InspectionDetails?OpenView&RestrictToCategory=B2CFB2A7E14B646985257CD80063B721'>Click Here</a>"
"Stevenson Dining Hall","Critical Control Point Inspection","May. 2014",NA,NA,"<a href='https://healthspace.com/Clients/Ohio/LorainCounty/Web.nsf/Food-InspectionDetails?OpenView&RestrictToCategory=76D932102EEB91EE85257CD80066C829'>Click Here</a>"
"Lorenzo's Pizzera","Standard Inspection","Apr. 2014",0,0,"<a href='https://healthspace.com/Clients/Ohio/LorainCounty/Web.nsf/Food-InspectionDetails?OpenView&RestrictToCategory=878E1EC4C3A66D0585257CC9006026BD'>Click Here</a>"
"Lord Saunders","Critical Control Point Inspection","Apr. 2014",NA,NA,"<a href='https://healthspace.com/Clients/Ohio/LorainCounty/Web.nsf/Food-InspectionDetails?OpenView&RestrictToCategory=C95B9EC251E6D7F485257CAF0063B449'>Click Here</a>"
"Lord Saunders","Standard Inspection","Apr. 2014",1,0,"<a href='https://healthspace.com/Clients/Ohio/LorainCounty/Web.nsf/Food-InspectionDetails?OpenView&RestrictToCategory=893C838B9605FD1F85257CAF006317ED'>Click Here</a>"
"Azariah's Cafe","Standard Inspection","Apr. 2014",0,0,"<a href='https://healthspace.com/Clients/Ohio/LorainCounty/Web.nsf/Food-InspectionDetails?OpenView&RestrictToCategory=1DC9DE4ACF72410385257CAD006B7A10'>Click Here</a>"
"Wilder Hall","Standard Inspection","Mar. 2014",0,1,"<a href='https://healthspace.com/Clients/Ohio/LorainCounty/Web.nsf/Food-InspectionDetails?OpenView&RestrictToCategory=0BD600207539DFA385257C9F006A892B'>Click Here</a>"
"Wilder Hall","Critical Control Point Inspection","Mar. 2014",NA,NA,"<a href='https://healthspace.com/Clients/Ohio/LorainCounty/Web.nsf/Food-InspectionDetails?OpenView&RestrictToCategory=2020B4D4AF1197B385257C9E006DA5CA'>Click Here</a>"
